Country Name,Country Code,Series Name,Series Code,2018 [YR2018],2019 [YR2019]
Afghanistan,AFG,"Central government debt, total (% of GDP)",GC.DOD.TOTL.GD.ZS,..,..
Afghanistan,AFG,"Central government debt, total (current LCU)",GC.DOD.TOTL.CN,..,..
Afghanistan,AFG,Total debt service (% of GNI),DT.TDS.DECT.GN.ZS,0.341295010244941,0.283520428637379
Albania,ALB,"Central government debt, total (% of GDP)",GC.DOD.TOTL.GD.ZS,..,..
Albania,ALB,"Central government debt, total (current LCU)",GC.DOD.TOTL.CN,..,..
Albania,ALB,Total debt service (% of GNI),DT.TDS.DECT.GN.ZS,7.17839965085567,4.31230074865298
Algeria,DZA,"Central government debt, total (% of GDP)",GC.DOD.TOTL.GD.ZS,..,..
Algeria,DZA,"Central government debt, total (current LCU)",GC.DOD.TOTL.CN,..,..
Algeria,DZA,Total debt service (% of GNI),DT.TDS.DECT.GN.ZS,0.127007983956505,0.11666597996459
American Samoa,ASM,"Central government debt, total (% of GDP)",GC.DOD.TOTL.GD.ZS,..,..
American Samoa,ASM,"Central government debt, total (current LCU)",GC.DOD.TOTL.CN,..,..
American Samoa,ASM,Total debt service (% of GNI),DT.TDS.DECT.GN.ZS,..,..
Andorra,AND,"Central government debt, total (% of GDP)",GC.DOD.TOTL.GD.ZS,..,..
Andorra,AND,"Central government debt, total (current LCU)",GC.DOD.TOTL.CN,..,..
Andorra,AND,Total debt service (% of GNI),DT.TDS.DECT.GN.ZS,..,..
Angola,AGO,"Central government debt, total (% of GDP)",GC.DOD.TOTL.GD.ZS,..,..
Angola,AGO,"Central government debt, total (current LCU)",GC.DOD.TOTL.CN,..,..
Angola,AGO,Total debt service (% of GNI),DT.TDS.DECT.GN.ZS,9.45700416406799,12.0723477052723
Antigua and Barbuda,ATG,"Central government debt, total (% of GDP)",GC.DOD.TOTL.GD.ZS,..,..
Antigua and Barbuda,ATG,"Central government debt, total (current LCU)",GC.DOD.TOTL.CN,..,..
Antigua and Barbuda,ATG,Total debt service (% of GNI),DT.TDS.DECT.GN.ZS,..,..
Argentina,ARG,"Central government debt, total (% of GDP)",GC.DOD.TOTL.GD.ZS,..,..
Argentina,ARG,"Central government debt, total (current LCU)",GC.DOD.TOTL.CN,..,..
Argentina,ARG,Total debt service (% of GNI),DT.TDS.DECT.GN.ZS,6.9248953937067,9.32016716100439
Armenia,ARM,"Central government debt, total (% of GDP)",GC.DOD.TOTL.GD.ZS,..,..
Armenia,ARM,"Central government debt, total (current LCU)",GC.DOD.TOTL.CN,..,..
Armenia,ARM,Total debt service (% of GNI),DT.TDS.DECT.GN.ZS,13.1518028267039,14.9086814743868
Aruba,ABW,"Central government debt, total (% of GDP)",GC.DOD.TOTL.GD.ZS,..,..
Aruba,ABW,"Central government debt, total (current LCU)",GC.DOD.TOTL.CN,..,..
Aruba,ABW,Total debt service (% of GNI),DT.TDS.DECT.GN.ZS,..,..
Australia,AUS,"Central government debt, total (% of GDP)",GC.DOD.TOTL.GD.ZS,..,..
Australia,AUS,"Central government debt, total (current LCU)",GC.DOD.TOTL.CN,..,..
Australia,AUS,Total debt service (% of GNI),DT.TDS.DECT.GN.ZS,..,..
Austria,AUT,"Central government debt, total (% of GDP)",GC.DOD.TOTL.GD.ZS,..,..
Austria,AUT,"Central government debt, total (current LCU)",GC.DOD.TOTL.CN,..,..
Austria,AUT,Total debt service (% of GNI),DT.TDS.DECT.GN.ZS,..,..
Azerbaijan,AZE,"Central government debt, total (% of GDP)",GC.DOD.TOTL.GD.ZS,..,..
Azerbaijan,AZE,"Central government debt, total (current LCU)",GC.DOD.TOTL.CN,..,..
Azerbaijan,AZE,Total debt service (% of GNI),DT.TDS.DECT.GN.ZS,6.00719326595315,4.70323317002441
"Bahamas, The",BHS,"Central government debt, total (% of GDP)",GC.DOD.TOTL.GD.ZS,..,..
"Bahamas, The",BHS,"Central government debt, total (current LCU)",GC.DOD.TOTL.CN,..,..
"Bahamas, The",BHS,Total debt service (% of GNI),DT.TDS.DECT.GN.ZS,..,..
Bahrain,BHR,"Central government debt, total (% of GDP)",GC.DOD.TOTL.GD.ZS,..,..
Bahrain,BHR,"Central government debt, total (current LCU)",GC.DOD.TOTL.CN,..,..
Bahrain,BHR,Total debt service (% of GNI),DT.TDS.DECT.GN.ZS,..,..
Bangladesh,BGD,"Central government debt, total (% of GDP)",GC.DOD.TOTL.GD.ZS,..,..
Bangladesh,BGD,"Central government debt, total (current LCU)",GC.DOD.TOTL.CN,..,..
Bangladesh,BGD,Total debt service (% of GNI),DT.TDS.DECT.GN.ZS,1.00121605744136,1.82128313557835
Barbados,BRB,"Central government debt, total (% of GDP)",GC.DOD.TOTL.GD.ZS,..,..
Barbados,BRB,"Central government debt, total (current LCU)",GC.DOD.TOTL.CN,..,..
Barbados,BRB,Total debt service (% of GNI),DT.TDS.DECT.GN.ZS,..,..
Belarus,BLR,"Central government debt, total (% of GDP)",GC.DOD.TOTL.GD.ZS,..,..
Belarus,BLR,"Central government debt, total (current LCU)",GC.DOD.TOTL.CN,..,..
Belarus,BLR,Total debt service (% of GNI),DT.TDS.DECT.GN.ZS,9.99763903449688,7.36666243508971
Belgium,BEL,"Central government debt, total (% of GDP)",GC.DOD.TOTL.GD.ZS,..,..
Belgium,BEL,"Central government debt, total (current LCU)",GC.DOD.TOTL.CN,..,..
Belgium,BEL,Total debt service (% of GNI),DT.TDS.DECT.GN.ZS,..,..
Belize,BLZ,"Central government debt, total (% of GDP)",GC.DOD.TOTL.GD.ZS,..,..
Belize,BLZ,"Central government debt, total (current LCU)",GC.DOD.TOTL.CN,..,..
Belize,BLZ,Total debt service (% of GNI),DT.TDS.DECT.GN.ZS,6.73331125710227,6.05324759532487
Benin,BEN,"Central government debt, total (% of GDP)",GC.DOD.TOTL.GD.ZS,..,..
Benin,BEN,"Central government debt, total (current LCU)",GC.DOD.TOTL.CN,..,..
Benin,BEN,Total debt service (% of GNI),DT.TDS.DECT.GN.ZS,1.64061719893649,3.60785310367907
Bermuda,BMU,"Central government debt, total (% of GDP)",GC.DOD.TOTL.GD.ZS,..,..
Bermuda,BMU,"Central government debt, total (current LCU)",GC.DOD.TOTL.CN,..,..
Bermuda,BMU,Total debt service (% of GNI),DT.TDS.DECT.GN.ZS,..,..
Bhutan,BTN,"Central government debt, total (% of GDP)",GC.DOD.TOTL.GD.ZS,..,..
Bhutan,BTN,"Central government debt, total (current LCU)",GC.DOD.TOTL.CN,..,..
Bhutan,BTN,Total debt service (% of GNI),DT.TDS.DECT.GN.ZS,3.9186658111938,2.6753556153673
Bolivia,BOL,"Central government debt, total (% of GDP)",GC.DOD.TOTL.GD.ZS,..,..
Bolivia,BOL,"Central government debt, total (current LCU)",GC.DOD.TOTL.CN,..,..
Bolivia,BOL,Total debt service (% of GNI),DT.TDS.DECT.GN.ZS,2.56205267326068,2.69522126811728
Bosnia and Herzegovina,BIH,"Central government debt, total (% of GDP)",GC.DOD.TOTL.GD.ZS,..,..
Bosnia and Herzegovina,BIH,"Central government debt, total (current LCU)",GC.DOD.TOTL.CN,..,..
Bosnia and Herzegovina,BIH,Total debt service (% of GNI),DT.TDS.DECT.GN.ZS,5.06977779324847,4.69115555317462
Botswana,BWA,"Central government debt, total (% of GDP)",GC.DOD.TOTL.GD.ZS,..,..
Botswana,BWA,"Central government debt, total (current LCU)",GC.DOD.TOTL.CN,..,..
Botswana,BWA,Total debt service (% of GNI),DT.TDS.DECT.GN.ZS,1.08290152034456,1.16200116205596
Brazil,BRA,"Central government debt, total (% of GDP)",GC.DOD.TOTL.GD.ZS,..,..
Brazil,BRA,"Central government debt, total (current LCU)",GC.DOD.TOTL.CN,..,..
Brazil,BRA,Total debt service (% of GNI),DT.TDS.DECT.GN.ZS,5.21382518724363,8.47779063014504
British Virgin Islands,VGB,"Central government debt, total (% of GDP)",GC.DOD.TOTL.GD.ZS,..,..
British Virgin Islands,VGB,"Central government debt, total (current LCU)",GC.DOD.TOTL.CN,..,..
British Virgin Islands,VGB,Total debt service (% of GNI),DT.TDS.DECT.GN.ZS,..,..
Brunei Darussalam,BRN,"Central government debt, total (% of GDP)",GC.DOD.TOTL.GD.ZS,..,..
Brunei Darussalam,BRN,"Central government debt, total (current LCU)",GC.DOD.TOTL.CN,..,..
Brunei Darussalam,BRN,Total debt service (% of GNI),DT.TDS.DECT.GN.ZS,..,..
Bulgaria,BGR,"Central government debt, total (% of GDP)",GC.DOD.TOTL.GD.ZS,..,..
Bulgaria,BGR,"Central government debt, total (current LCU)",GC.DOD.TOTL.CN,..,..
Bulgaria,BGR,Total debt service (% of GNI),DT.TDS.DECT.GN.ZS,10.5993059410704,8.52349508885355
Burkina Faso,BFA,"Central government debt, total (% of GDP)",GC.DOD.TOTL.GD.ZS,..,..
Burkina Faso,BFA,"Central government debt, total (current LCU)",GC.DOD.TOTL.CN,..,..
Burkina Faso,BFA,Total debt service (% of GNI),DT.TDS.DECT.GN.ZS,0.936041724293506,1.02495790615345
Burundi,BDI,"Central government debt, total (% of GDP)",GC.DOD.TOTL.GD.ZS,..,..
Burundi,BDI,"Central government debt, total (current LCU)",GC.DOD.TOTL.CN,..,..
Burundi,BDI,Total debt service (% of GNI),DT.TDS.DECT.GN.ZS,0.963172967341562,1.3370673555504
Cabo Verde,CPV,"Central government debt, total (% of GDP)",GC.DOD.TOTL.GD.ZS,..,..
Cabo Verde,CPV,"Central government debt, total (current LCU)",GC.DOD.TOTL.CN,..,..
Cabo Verde,CPV,Total debt service (% of GNI),DT.TDS.DECT.GN.ZS,2.91486611668916,3.16832122828903
Cambodia,KHM,"Central government debt, total (% of GDP)",GC.DOD.TOTL.GD.ZS,..,..
Cambodia,KHM,"Central government debt, total (current LCU)",GC.DOD.TOTL.CN,..,..
Cambodia,KHM,Total debt service (% of GNI),DT.TDS.DECT.GN.ZS,5.58073265545741,5.92979129811197
Cameroon,CMR,"Central government debt, total (% of GDP)",GC.DOD.TOTL.GD.ZS,..,..
Cameroon,CMR,"Central government debt, total (current LCU)",GC.DOD.TOTL.CN,..,..
Cameroon,CMR,Total debt service (% of GNI),DT.TDS.DECT.GN.ZS,2.79317621217975,3.06012499195495
Canada,CAN,"Central government debt, total (% of GDP)",GC.DOD.TOTL.GD.ZS,..,..
Canada,CAN,"Central government debt, total (current LCU)",GC.DOD.TOTL.CN,..,..
Canada,CAN,Total debt service (% of GNI),DT.TDS.DECT.GN.ZS,..,..
Cayman Islands,CYM,"Central government debt, total (% of GDP)",GC.DOD.TOTL.GD.ZS,..,..
Cayman Islands,CYM,"Central government debt, total (current LCU)",GC.DOD.TOTL.CN,..,..
Cayman Islands,CYM,Total debt service (% of GNI),DT.TDS.DECT.GN.ZS,..,..
Central African Republic,CAF,"Central government debt, total (% of GDP)",GC.DOD.TOTL.GD.ZS,..,..
Central African Republic,CAF,"Central government debt, total (current LCU)",GC.DOD.TOTL.CN,..,..
Central African Republic,CAF,Total debt service (% of GNI),DT.TDS.DECT.GN.ZS,1.09625256466792,1.59368449450686
Chad,TCD,"Central government debt, total (% of GDP)",GC.DOD.TOTL.GD.ZS,..,..
Chad,TCD,"Central government debt, total (current LCU)",GC.DOD.TOTL.CN,..,..
Chad,TCD,Total debt service (% of GNI),DT.TDS.DECT.GN.ZS,1.59801709589533,1.40902015341356
Channel Islands,CHI,"Central government debt, total (% of GDP)",GC.DOD.TOTL.GD.ZS,..,..
Channel Islands,CHI,"Central government debt, total (current LCU)",GC.DOD.TOTL.CN,..,..
Channel Islands,CHI,Total debt service (% of GNI),DT.TDS.DECT.GN.ZS,..,..
Chile,CHL,"Central government debt, total (% of GDP)",GC.DOD.TOTL.GD.ZS,..,..
Chile,CHL,"Central government debt, total (current LCU)",GC.DOD.TOTL.CN,..,..
Chile,CHL,Total debt service (% of GNI),DT.TDS.DECT.GN.ZS,..,..
China,CHN,"Central government debt, total (% of GDP)",GC.DOD.TOTL.GD.ZS,..,..
China,CHN,"Central government debt, total (current LCU)",GC.DOD.TOTL.CN,..,..
China,CHN,Total debt service (% of GNI),DT.TDS.DECT.GN.ZS,1.74342312945737,1.92728470805601
Colombia,COL,"Central government debt, total (% of GDP)",GC.DOD.TOTL.GD.ZS,..,..
Colombia,COL,"Central government debt, total (current LCU)",GC.DOD.TOTL.CN,..,..
Colombia,COL,Total debt service (% of GNI),DT.TDS.DECT.GN.ZS,7.51708523015822,6.13262230077991
Comoros,COM,"Central government debt, total (% of GDP)",GC.DOD.TOTL.GD.ZS,..,..
Comoros,COM,"Central government debt, total (current LCU)",GC.DOD.TOTL.CN,..,..
Comoros,COM,Total debt service (% of GNI),DT.TDS.DECT.GN.ZS,0.643314776095035,0.664303892652781
"Congo, Dem. Rep.",COD,"Central government debt, total (% of GDP)",GC.DOD.TOTL.GD.ZS,..,..
"Congo, Dem. Rep.",COD,"Central government debt, total (current LCU)",GC.DOD.TOTL.CN,..,..
"Congo, Dem. Rep.",COD,Total debt service (% of GNI),DT.TDS.DECT.GN.ZS,0.826251038589484,2.61325409318234
"Congo, Rep.",COG,"Central government debt, total (% of GDP)",GC.DOD.TOTL.GD.ZS,..,..
"Congo, Rep.",COG,"Central government debt, total (current LCU)",GC.DOD.TOTL.CN,..,..
"Congo, Rep.",COG,Total debt service (% of GNI),DT.TDS.DECT.GN.ZS,3.3839399253453,5.24077961461058
Costa Rica,CRI,"Central government debt, total (% of GDP)",GC.DOD.TOTL.GD.ZS,..,..
Costa Rica,CRI,"Central government debt, total (current LCU)",GC.DOD.TOTL.CN,..,..
Costa Rica,CRI,Total debt service (% of GNI),DT.TDS.DECT.GN.ZS,5.96447194801028,5.40461465835317
Cote d'Ivoire,CIV,"Central government debt, total (% of GDP)",GC.DOD.TOTL.GD.ZS,..,..
Cote d'Ivoire,CIV,"Central government debt, total (current LCU)",GC.DOD.TOTL.CN,..,..
Cote d'Ivoire,CIV,Total debt service (% of GNI),DT.TDS.DECT.GN.ZS,2.96333286681703,5.26961081212668
Croatia,HRV,"Central government debt, total (% of GDP)",GC.DOD.TOTL.GD.ZS,..,..
Croatia,HRV,"Central government debt, total (current LCU)",GC.DOD.TOTL.CN,..,..
Croatia,HRV,Total debt service (% of GNI),DT.TDS.DECT.GN.ZS,..,..
Cuba,CUB,"Central government debt, total (% of GDP)",GC.DOD.TOTL.GD.ZS,..,..
Cuba,CUB,"Central government debt, total (current LCU)",GC.DOD.TOTL.CN,..,..
Cuba,CUB,Total debt service (% of GNI),DT.TDS.DECT.GN.ZS,..,..
Curacao,CUW,"Central government debt, total (% of GDP)",GC.DOD.TOTL.GD.ZS,..,..
Curacao,CUW,"Central government debt, total (current LCU)",GC.DOD.TOTL.CN,..,..
Curacao,CUW,Total debt service (% of GNI),DT.TDS.DECT.GN.ZS,..,..
Cyprus,CYP,"Central government debt, total (% of GDP)",GC.DOD.TOTL.GD.ZS,..,..
Cyprus,CYP,"Central government debt, total (current LCU)",GC.DOD.TOTL.CN,..,..
Cyprus,CYP,Total debt service (% of GNI),DT.TDS.DECT.GN.ZS,..,..
Czech Republic,CZE,"Central government debt, total (% of GDP)",GC.DOD.TOTL.GD.ZS,..,..
Czech Republic,CZE,"Central government debt, total (current LCU)",GC.DOD.TOTL.CN,..,..
Czech Republic,CZE,Total debt service (% of GNI),DT.TDS.DECT.GN.ZS,..,..
Denmark,DNK,"Central government debt, total (% of GDP)",GC.DOD.TOTL.GD.ZS,..,..
Denmark,DNK,"Central government debt, total (current LCU)",GC.DOD.TOTL.CN,..,..
Denmark,DNK,Total debt service (% of GNI),DT.TDS.DECT.GN.ZS,..,..
Djibouti,DJI,"Central government debt, total (% of GDP)",GC.DOD.TOTL.GD.ZS,..,..
Djibouti,DJI,"Central government debt, total (current LCU)",GC.DOD.TOTL.CN,..,..
Djibouti,DJI,Total debt service (% of GNI),DT.TDS.DECT.GN.ZS,14.3684388843834,2.4661054582156
Dominica,DMA,"Central government debt, total (% of GDP)",GC.DOD.TOTL.GD.ZS,..,..
Dominica,DMA,"Central government debt, total (current LCU)",GC.DOD.TOTL.CN,..,..
Dominica,DMA,Total debt service (% of GNI),DT.TDS.DECT.GN.ZS,5.21367478281912,4.68163556083037
Dominican Republic,DOM,"Central government debt, total (% of GDP)",GC.DOD.TOTL.GD.ZS,..,..
Dominican Republic,DOM,"Central government debt, total (current LCU)",GC.DOD.TOTL.CN,..,..
Dominican Republic,DOM,Total debt service (% of GNI),DT.TDS.DECT.GN.ZS,3.82066389068395,6.15404322874836
Ecuador,ECU,"Central government debt, total (% of GDP)",GC.DOD.TOTL.GD.ZS,..,..
Ecuador,ECU,"Central government debt, total (current LCU)",GC.DOD.TOTL.CN,..,..
Ecuador,ECU,Total debt service (% of GNI),DT.TDS.DECT.GN.ZS,8.73138418361908,8.99174392732136
"Egypt, Arab Rep.",EGY,"Central government debt, total (% of GDP)",GC.DOD.TOTL.GD.ZS,..,..
"Egypt, Arab Rep.",EGY,"Central government debt, total (current LCU)",GC.DOD.TOTL.CN,..,..
"Egypt, Arab Rep.",EGY,Total debt service (% of GNI),DT.TDS.DECT.GN.ZS,3.2483021453423,3.00761804833358
El Salvador,SLV,"Central government debt, total (% of GDP)",GC.DOD.TOTL.GD.ZS,..,..
El Salvador,SLV,"Central government debt, total (current LCU)",GC.DOD.TOTL.CN,..,..
El Salvador,SLV,Total debt service (% of GNI),DT.TDS.DECT.GN.ZS,14.5296043007673,21.8790510213486
Equatorial Guinea,GNQ,"Central government debt, total (% of GDP)",GC.DOD.TOTL.GD.ZS,..,..
Equatorial Guinea,GNQ,"Central government debt, total (current LCU)",GC.DOD.TOTL.CN,..,..
Equatorial Guinea,GNQ,Total debt service (% of GNI),DT.TDS.DECT.GN.ZS,..,..
Eritrea,ERI,"Central government debt, total (% of GDP)",GC.DOD.TOTL.GD.ZS,..,..
Eritrea,ERI,"Central government debt, total (current LCU)",GC.DOD.TOTL.CN,..,..
Eritrea,ERI,Total debt service (% of GNI),DT.TDS.DECT.GN.ZS,..,..
Estonia,EST,"Central government debt, total (% of GDP)",GC.DOD.TOTL.GD.ZS,..,..
Estonia,EST,"Central government debt, total (current LCU)",GC.DOD.TOTL.CN,..,..
Estonia,EST,Total debt service (% of GNI),DT.TDS.DECT.GN.ZS,..,..
Eswatini,SWZ,"Central government debt, total (% of GDP)",GC.DOD.TOTL.GD.ZS,..,..
Eswatini,SWZ,"Central government debt, total (current LCU)",GC.DOD.TOTL.CN,..,..
Eswatini,SWZ,Total debt service (% of GNI),DT.TDS.DECT.GN.ZS,1.04982283659959,1.48788735214287
Ethiopia,ETH,"Central government debt, total (% of GDP)",GC.DOD.TOTL.GD.ZS,..,..
Ethiopia,ETH,"Central government debt, total (current LCU)",GC.DOD.TOTL.CN,..,..
Ethiopia,ETH,Total debt service (% of GNI),DT.TDS.DECT.GN.ZS,1.97542316589067,2.33358744824436
Faroe Islands,FRO,"Central government debt, total (% of GDP)",GC.DOD.TOTL.GD.ZS,..,..
Faroe Islands,FRO,"Central government debt, total (current LCU)",GC.DOD.TOTL.CN,..,..
Faroe Islands,FRO,Total debt service (% of GNI),DT.TDS.DECT.GN.ZS,..,..
Fiji,FJI,"Central government debt, total (% of GDP)",GC.DOD.TOTL.GD.ZS,..,..
Fiji,FJI,"Central government debt, total (current LCU)",GC.DOD.TOTL.CN,..,..
Fiji,FJI,Total debt service (% of GNI),DT.TDS.DECT.GN.ZS,1.14554265739658,3.61238070320199
Finland,FIN,"Central government debt, total (% of GDP)",GC.DOD.TOTL.GD.ZS,..,..
Finland,FIN,"Central government debt, total (current LCU)",GC.DOD.TOTL.CN,..,..
Finland,FIN,Total debt service (% of GNI),DT.TDS.DECT.GN.ZS,..,..
France,FRA,"Central government debt, total (% of GDP)",GC.DOD.TOTL.GD.ZS,..,..
France,FRA,"Central government debt, total (current LCU)",GC.DOD.TOTL.CN,..,..
France,FRA,Total debt service (% of GNI),DT.TDS.DECT.GN.ZS,..,..
French Polynesia,PYF,"Central government debt, total (% of GDP)",GC.DOD.TOTL.GD.ZS,..,..
French Polynesia,PYF,"Central government debt, total (current LCU)",GC.DOD.TOTL.CN,..,..
French Polynesia,PYF,Total debt service (% of GNI),DT.TDS.DECT.GN.ZS,..,..
Gabon,GAB,"Central government debt, total (% of GDP)",GC.DOD.TOTL.GD.ZS,..,..
Gabon,GAB,"Central government debt, total (current LCU)",GC.DOD.TOTL.CN,..,..
Gabon,GAB,Total debt service (% of GNI),DT.TDS.DECT.GN.ZS,4.44656243909103,4.24423351162013
"Gambia, The",GMB,"Central government debt, total (% of GDP)",GC.DOD.TOTL.GD.ZS,..,..
"Gambia, The",GMB,"Central government debt, total (current LCU)",GC.DOD.TOTL.CN,..,..
"Gambia, The",GMB,Total debt service (% of GNI),DT.TDS.DECT.GN.ZS,2.8879116965299,2.65243161431143
Georgia,GEO,"Central government debt, total (% of GDP)",GC.DOD.TOTL.GD.ZS,..,..
Georgia,GEO,"Central government debt, total (current LCU)",GC.DOD.TOTL.CN,..,..
Georgia,GEO,Total debt service (% of GNI),DT.TDS.DECT.GN.ZS,14.3947394996613,13.8620964730679
Germany,DEU,"Central government debt, total (% of GDP)",GC.DOD.TOTL.GD.ZS,..,..
Germany,DEU,"Central government debt, total (current LCU)",GC.DOD.TOTL.CN,..,..
Germany,DEU,Total debt service (% of GNI),DT.TDS.DECT.GN.ZS,..,..
Ghana,GHA,"Central government debt, total (% of GDP)",GC.DOD.TOTL.GD.ZS,..,..
Ghana,GHA,"Central government debt, total (current LCU)",GC.DOD.TOTL.CN,..,..
Ghana,GHA,Total debt service (% of GNI),DT.TDS.DECT.GN.ZS,4.13735055371185,2.90125904189722
Gibraltar,GIB,"Central government debt, total (% of GDP)",GC.DOD.TOTL.GD.ZS,..,..
Gibraltar,GIB,"Central government debt, total (current LCU)",GC.DOD.TOTL.CN,..,..
Gibraltar,GIB,Total debt service (% of GNI),DT.TDS.DECT.GN.ZS,..,..
Greece,GRC,"Central government debt, total (% of GDP)",GC.DOD.TOTL.GD.ZS,..,..
Greece,GRC,"Central government debt, total (current LCU)",GC.DOD.TOTL.CN,..,..
Greece,GRC,Total debt service (% of GNI),DT.TDS.DECT.GN.ZS,..,..
Greenland,GRL,"Central government debt, total (% of GDP)",GC.DOD.TOTL.GD.ZS,..,..
Greenland,GRL,"Central government debt, total (current LCU)",GC.DOD.TOTL.CN,..,..
Greenland,GRL,Total debt service (% of GNI),DT.TDS.DECT.GN.ZS,..,..
Grenada,GRD,"Central government debt, total (% of GDP)",GC.DOD.TOTL.GD.ZS,..,..
Grenada,GRD,"Central government debt, total (current LCU)",GC.DOD.TOTL.CN,..,..
Grenada,GRD,Total debt service (% of GNI),DT.TDS.DECT.GN.ZS,5.02017546263979,4.78356593555422
Guam,GUM,"Central government debt, total (% of GDP)",GC.DOD.TOTL.GD.ZS,..,..
Guam,GUM,"Central government debt, total (current LCU)",GC.DOD.TOTL.CN,..,..
Guam,GUM,Total debt service (% of GNI),DT.TDS.DECT.GN.ZS,..,..
Guatemala,GTM,"Central government debt, total (% of GDP)",GC.DOD.TOTL.GD.ZS,..,..
Guatemala,GTM,"Central government debt, total (current LCU)",GC.DOD.TOTL.CN,..,..
Guatemala,GTM,Total debt service (% of GNI),DT.TDS.DECT.GN.ZS,5.52124897673632,5.04082743457324
Guinea,GIN,"Central government debt, total (% of GDP)",GC.DOD.TOTL.GD.ZS,..,..
Guinea,GIN,"Central government debt, total (current LCU)",GC.DOD.TOTL.CN,..,..
Guinea,GIN,Total debt service (% of GNI),DT.TDS.DECT.GN.ZS,0.97352120722283,0.750400071367733
Guinea-Bissau,GNB,"Central government debt, total (% of GDP)",GC.DOD.TOTL.GD.ZS,..,..
Guinea-Bissau,GNB,"Central government debt, total (current LCU)",GC.DOD.TOTL.CN,..,..
Guinea-Bissau,GNB,Total debt service (% of GNI),DT.TDS.DECT.GN.ZS,0.983995018850149,1.17529131170991
Guyana,GUY,"Central government debt, total (% of GDP)",GC.DOD.TOTL.GD.ZS,..,..
Guyana,GUY,"Central government debt, total (current LCU)",GC.DOD.TOTL.CN,..,..
Guyana,GUY,Total debt service (% of GNI),DT.TDS.DECT.GN.ZS,2.92581728177231,2.69848571037849
Haiti,HTI,"Central government debt, total (% of GDP)",GC.DOD.TOTL.GD.ZS,..,..
Haiti,HTI,"Central government debt, total (current LCU)",GC.DOD.TOTL.CN,..,..
Haiti,HTI,Total debt service (% of GNI),DT.TDS.DECT.GN.ZS,0.116387167217002,0.149923699143542
Honduras,HND,"Central government debt, total (% of GDP)",GC.DOD.TOTL.GD.ZS,..,..
Honduras,HND,"Central government debt, total (current LCU)",GC.DOD.TOTL.CN,..,..
Honduras,HND,Total debt service (% of GNI),DT.TDS.DECT.GN.ZS,4.62496446894257,3.71683762681895
"Hong Kong SAR, China",HKG,"Central government debt, total (% of GDP)",GC.DOD.TOTL.GD.ZS,..,..
"Hong Kong SAR, China",HKG,"Central government debt, total (current LCU)",GC.DOD.TOTL.CN,..,..
"Hong Kong SAR, China",HKG,Total debt service (% of GNI),DT.TDS.DECT.GN.ZS,..,..
Hungary,HUN,"Central government debt, total (% of GDP)",GC.DOD.TOTL.GD.ZS,..,..
Hungary,HUN,"Central government debt, total (current LCU)",GC.DOD.TOTL.CN,..,..
Hungary,HUN,Total debt service (% of GNI),DT.TDS.DECT.GN.ZS,..,..
Iceland,ISL,"Central government debt, total (% of GDP)",GC.DOD.TOTL.GD.ZS,..,..
Iceland,ISL,"Central government debt, total (current LCU)",GC.DOD.TOTL.CN,..,..
Iceland,ISL,Total debt service (% of GNI),DT.TDS.DECT.GN.ZS,..,..
India,IND,"Central government debt, total (% of GDP)",GC.DOD.TOTL.GD.ZS,..,..
India,IND,"Central government debt, total (current LCU)",GC.DOD.TOTL.CN,..,..
India,IND,Total debt service (% of GNI),DT.TDS.DECT.GN.ZS,2.37113070607014,1.81287410093011
Indonesia,IDN,"Central government debt, total (% of GDP)",GC.DOD.TOTL.GD.ZS,..,..
Indonesia,IDN,"Central government debt, total (current LCU)",GC.DOD.TOTL.CN,..,..
Indonesia,IDN,Total debt service (% of GNI),DT.TDS.DECT.GN.ZS,5.47955223548767,7.53242992415141
"Iran, Islamic Rep.",IRN,"Central government debt, total (% of GDP)",GC.DOD.TOTL.GD.ZS,..,..
"Iran, Islamic Rep.",IRN,"Central government debt, total (current LCU)",GC.DOD.TOTL.CN,..,..
"Iran, Islamic Rep.",IRN,Total debt service (% of GNI),DT.TDS.DECT.GN.ZS,0.0424580399728386,..
Iraq,IRQ,"Central government debt, total (% of GDP)",GC.DOD.TOTL.GD.ZS,..,..
Iraq,IRQ,"Central government debt, total (current LCU)",GC.DOD.TOTL.CN,..,..
Iraq,IRQ,Total debt service (% of GNI),DT.TDS.DECT.GN.ZS,..,..
Ireland,IRL,"Central government debt, total (% of GDP)",GC.DOD.TOTL.GD.ZS,..,..
Ireland,IRL,"Central government debt, total (current LCU)",GC.DOD.TOTL.CN,..,..
Ireland,IRL,Total debt service (% of GNI),DT.TDS.DECT.GN.ZS,..,..
Isle of Man,IMN,"Central government debt, total (% of GDP)",GC.DOD.TOTL.GD.ZS,..,..
Isle of Man,IMN,"Central government debt, total (current LCU)",GC.DOD.TOTL.CN,..,..
Isle of Man,IMN,Total debt service (% of GNI),DT.TDS.DECT.GN.ZS,..,..
Israel,ISR,"Central government debt, total (% of GDP)",GC.DOD.TOTL.GD.ZS,..,..
Israel,ISR,"Central government debt, total (current LCU)",GC.DOD.TOTL.CN,..,..
Israel,ISR,Total debt service (% of GNI),DT.TDS.DECT.GN.ZS,..,..
Italy,ITA,"Central government debt, total (% of GDP)",GC.DOD.TOTL.GD.ZS,..,..
Italy,ITA,"Central government debt, total (current LCU)",GC.DOD.TOTL.CN,..,..
Italy,ITA,Total debt service (% of GNI),DT.TDS.DECT.GN.ZS,..,..
Jamaica,JAM,"Central government debt, total (% of GDP)",GC.DOD.TOTL.GD.ZS,..,..
Jamaica,JAM,"Central government debt, total (current LCU)",GC.DOD.TOTL.CN,..,..
Jamaica,JAM,Total debt service (% of GNI),DT.TDS.DECT.GN.ZS,8.22561123695514,14.434666691298
Japan,JPN,"Central government debt, total (% of GDP)",GC.DOD.TOTL.GD.ZS,..,..
Japan,JPN,"Central government debt, total (current LCU)",GC.DOD.TOTL.CN,..,..
Japan,JPN,Total debt service (% of GNI),DT.TDS.DECT.GN.ZS,..,..
Jordan,JOR,"Central government debt, total (% of GDP)",GC.DOD.TOTL.GD.ZS,..,..
Jordan,JOR,"Central government debt, total (current LCU)",GC.DOD.TOTL.CN,..,..
Jordan,JOR,Total debt service (% of GNI),DT.TDS.DECT.GN.ZS,5.30366627709442,7.56129439353024
Kazakhstan,KAZ,"Central government debt, total (% of GDP)",GC.DOD.TOTL.GD.ZS,..,..
Kazakhstan,KAZ,"Central government debt, total (current LCU)",GC.DOD.TOTL.CN,..,..
Kazakhstan,KAZ,Total debt service (% of GNI),DT.TDS.DECT.GN.ZS,21.3906669916442,20.6134797810675
Kenya,KEN,"Central government debt, total (% of GDP)",GC.DOD.TOTL.GD.ZS,..,..
Kenya,KEN,"Central government debt, total (current LCU)",GC.DOD.TOTL.CN,..,..
Kenya,KEN,Total debt service (% of GNI),DT.TDS.DECT.GN.ZS,3.20909184530691,4.7795683281449
Kiribati,KIR,"Central government debt, total (% of GDP)",GC.DOD.TOTL.GD.ZS,..,..
Kiribati,KIR,"Central government debt, total (current LCU)",GC.DOD.TOTL.CN,..,..
Kiribati,KIR,Total debt service (% of GNI),DT.TDS.DECT.GN.ZS,..,..
"Korea, Dem. People’s Rep.",PRK,"Central government debt, total (% of GDP)",GC.DOD.TOTL.GD.ZS,..,..
"Korea, Dem. People’s Rep.",PRK,"Central government debt, total (current LCU)",GC.DOD.TOTL.CN,..,..
"Korea, Dem. People’s Rep.",PRK,Total debt service (% of GNI),DT.TDS.DECT.GN.ZS,..,..
"Korea, Rep.",KOR,"Central government debt, total (% of GDP)",GC.DOD.TOTL.GD.ZS,..,..
"Korea, Rep.",KOR,"Central government debt, total (current LCU)",GC.DOD.TOTL.CN,..,..
"Korea, Rep.",KOR,Total debt service (% of GNI),DT.TDS.DECT.GN.ZS,..,..
Kosovo,XKX,"Central government debt, total (% of GDP)",GC.DOD.TOTL.GD.ZS,..,..
Kosovo,XKX,"Central government debt, total (current LCU)",GC.DOD.TOTL.CN,..,..
Kosovo,XKX,Total debt service (% of GNI),DT.TDS.DECT.GN.ZS,3.36953527887034,3.1692197593866
Kuwait,KWT,"Central government debt, total (% of GDP)",GC.DOD.TOTL.GD.ZS,..,..
Kuwait,KWT,"Central government debt, total (current LCU)",GC.DOD.TOTL.CN,..,..
Kuwait,KWT,Total debt service (% of GNI),DT.TDS.DECT.GN.ZS,..,..
Kyrgyz Republic,KGZ,"Central government debt, total (% of GDP)",GC.DOD.TOTL.GD.ZS,..,..
Kyrgyz Republic,KGZ,"Central government debt, total (current LCU)",GC.DOD.TOTL.CN,..,..
Kyrgyz Republic,KGZ,Total debt service (% of GNI),DT.TDS.DECT.GN.ZS,7.02732053904554,7.23724365973377
Lao PDR,LAO,"Central government debt, total (% of GDP)",GC.DOD.TOTL.GD.ZS,..,..
Lao PDR,LAO,"Central government debt, total (current LCU)",GC.DOD.TOTL.CN,..,..
Lao PDR,LAO,Total debt service (% of GNI),DT.TDS.DECT.GN.ZS,5.07488171433806,2.88491325014525
Latvia,LVA,"Central government debt, total (% of GDP)",GC.DOD.TOTL.GD.ZS,..,..
Latvia,LVA,"Central government debt, total (current LCU)",GC.DOD.TOTL.CN,..,..
Latvia,LVA,Total debt service (% of GNI),DT.TDS.DECT.GN.ZS,..,..
Lebanon,LBN,"Central government debt, total (% of GDP)",GC.DOD.TOTL.GD.ZS,..,..
Lebanon,LBN,"Central government debt, total (current LCU)",GC.DOD.TOTL.CN,..,..
Lebanon,LBN,Total debt service (% of GNI),DT.TDS.DECT.GN.ZS,30.1273753303034,36.322594660342
Lesotho,LSO,"Central government debt, total (% of GDP)",GC.DOD.TOTL.GD.ZS,..,..
Lesotho,LSO,"Central government debt, total (current LCU)",GC.DOD.TOTL.CN,..,..
Lesotho,LSO,Total debt service (% of GNI),DT.TDS.DECT.GN.ZS,2.42218576251308,2.69060655462171
Liberia,LBR,"Central government debt, total (% of GDP)",GC.DOD.TOTL.GD.ZS,..,..
Liberia,LBR,"Central government debt, total (current LCU)",GC.DOD.TOTL.CN,..,..
Liberia,LBR,Total debt service (% of GNI),DT.TDS.DECT.GN.ZS,1.25224683763707,1.50402457042943
Libya,LBY,"Central government debt, total (% of GDP)",GC.DOD.TOTL.GD.ZS,..,..
Libya,LBY,"Central government debt, total (current LCU)",GC.DOD.TOTL.CN,..,..
Libya,LBY,Total debt service (% of GNI),DT.TDS.DECT.GN.ZS,..,..
Liechtenstein,LIE,"Central government debt, total (% of GDP)",GC.DOD.TOTL.GD.ZS,..,..
Liechtenstein,LIE,"Central government debt, total (current LCU)",GC.DOD.TOTL.CN,..,..
Liechtenstein,LIE,Total debt service (% of GNI),DT.TDS.DECT.GN.ZS,..,..
Lithuania,LTU,"Central government debt, total (% of GDP)",GC.DOD.TOTL.GD.ZS,..,..
Lithuania,LTU,"Central government debt, total (current LCU)",GC.DOD.TOTL.CN,..,..
Lithuania,LTU,Total debt service (% of GNI),DT.TDS.DECT.GN.ZS,..,..
Luxembourg,LUX,"Central government debt, total (% of GDP)",GC.DOD.TOTL.GD.ZS,..,..
Luxembourg,LUX,"Central government debt, total (current LCU)",GC.DOD.TOTL.CN,..,..
Luxembourg,LUX,Total debt service (% of GNI),DT.TDS.DECT.GN.ZS,..,..
"Macao SAR, China",MAC,"Central government debt, total (% of GDP)",GC.DOD.TOTL.GD.ZS,..,..
"Macao SAR, China",MAC,"Central government debt, total (current LCU)",GC.DOD.TOTL.CN,..,..
"Macao SAR, China",MAC,Total debt service (% of GNI),DT.TDS.DECT.GN.ZS,..,..
Madagascar,MDG,"Central government debt, total (% of GDP)",GC.DOD.TOTL.GD.ZS,..,..
Madagascar,MDG,"Central government debt, total (current LCU)",GC.DOD.TOTL.CN,..,..
Madagascar,MDG,Total debt service (% of GNI),DT.TDS.DECT.GN.ZS,0.893554299205697,0.837233564712412
Malawi,MWI,"Central government debt, total (% of GDP)",GC.DOD.TOTL.GD.ZS,..,..
Malawi,MWI,"Central government debt, total (current LCU)",GC.DOD.TOTL.CN,..,..
Malawi,MWI,Total debt service (% of GNI),DT.TDS.DECT.GN.ZS,1.24547527123455,1.33297143032356
Malaysia,MYS,"Central government debt, total (% of GDP)",GC.DOD.TOTL.GD.ZS,..,..
Malaysia,MYS,"Central government debt, total (current LCU)",GC.DOD.TOTL.CN,..,..
Malaysia,MYS,Total debt service (% of GNI),DT.TDS.DECT.GN.ZS,..,..
Maldives,MDV,"Central government debt, total (% of GDP)",GC.DOD.TOTL.GD.ZS,..,..
Maldives,MDV,"Central government debt, total (current LCU)",GC.DOD.TOTL.CN,..,..
Maldives,MDV,Total debt service (% of GNI),DT.TDS.DECT.GN.ZS,9.18974981121448,9.01123644060776
Mali,MLI,"Central government debt, total (% of GDP)",GC.DOD.TOTL.GD.ZS,..,..
Mali,MLI,"Central government debt, total (current LCU)",GC.DOD.TOTL.CN,..,..
Mali,MLI,Total debt service (% of GNI),DT.TDS.DECT.GN.ZS,1.27093361899762,1.34920112342413
Malta,MLT,"Central government debt, total (% of GDP)",GC.DOD.TOTL.GD.ZS,..,..
Malta,MLT,"Central government debt, total (current LCU)",GC.DOD.TOTL.CN,..,..
Malta,MLT,Total debt service (% of GNI),DT.TDS.DECT.GN.ZS,..,..
Marshall Islands,MHL,"Central government debt, total (% of GDP)",GC.DOD.TOTL.GD.ZS,..,..
Marshall Islands,MHL,"Central government debt, total (current LCU)",GC.DOD.TOTL.CN,..,..
Marshall Islands,MHL,Total debt service (% of GNI),DT.TDS.DECT.GN.ZS,..,..
Mauritania,MRT,"Central government debt, total (% of GDP)",GC.DOD.TOTL.GD.ZS,..,..
Mauritania,MRT,"Central government debt, total (current LCU)",GC.DOD.TOTL.CN,..,..
Mauritania,MRT,Total debt service (% of GNI),DT.TDS.DECT.GN.ZS,5.52362997639017,5.09659929877336
Mauritius,MUS,"Central government debt, total (% of GDP)",GC.DOD.TOTL.GD.ZS,..,..
Mauritius,MUS,"Central government debt, total (current LCU)",GC.DOD.TOTL.CN,..,..
Mauritius,MUS,Total debt service (% of GNI),DT.TDS.DECT.GN.ZS,..,..
Mexico,MEX,"Central government debt, total (% of GDP)",GC.DOD.TOTL.GD.ZS,..,..
Mexico,MEX,"Central government debt, total (current LCU)",GC.DOD.TOTL.CN,..,..
Mexico,MEX,Total debt service (% of GNI),DT.TDS.DECT.GN.ZS,4.89816684968199,5.07160438067966
"Micronesia, Fed. Sts.",FSM,"Central government debt, total (% of GDP)",GC.DOD.TOTL.GD.ZS,..,..
"Micronesia, Fed. Sts.",FSM,"Central government debt, total (current LCU)",GC.DOD.TOTL.CN,..,..
"Micronesia, Fed. Sts.",FSM,Total debt service (% of GNI),DT.TDS.DECT.GN.ZS,..,..
Moldova,MDA,"Central government debt, total (% of GDP)",GC.DOD.TOTL.GD.ZS,..,..
Moldova,MDA,"Central government debt, total (current LCU)",GC.DOD.TOTL.CN,..,..
Moldova,MDA,Total debt service (% of GNI),DT.TDS.DECT.GN.ZS,4.77501993601,4.88987589600425
Monaco,MCO,"Central government debt, total (% of GDP)",GC.DOD.TOTL.GD.ZS,..,..
Monaco,MCO,"Central government debt, total (current LCU)",GC.DOD.TOTL.CN,..,..
Monaco,MCO,Total debt service (% of GNI),DT.TDS.DECT.GN.ZS,..,..
Mongolia,MNG,"Central government debt, total (% of GDP)",GC.DOD.TOTL.GD.ZS,..,..
Mongolia,MNG,"Central government debt, total (current LCU)",GC.DOD.TOTL.CN,..,..
Mongolia,MNG,Total debt service (% of GNI),DT.TDS.DECT.GN.ZS,66.0735692719996,94.3671595831376
Montenegro,MNE,"Central government debt, total (% of GDP)",GC.DOD.TOTL.GD.ZS,..,..
Montenegro,MNE,"Central government debt, total (current LCU)",GC.DOD.TOTL.CN,..,..
Montenegro,MNE,Total debt service (% of GNI),DT.TDS.DECT.GN.ZS,30.4677226505606,27.5123920714075
Morocco,MAR,"Central government debt, total (% of GDP)",GC.DOD.TOTL.GD.ZS,..,..
Morocco,MAR,"Central government debt, total (current LCU)",GC.DOD.TOTL.CN,..,..
Morocco,MAR,Total debt service (% of GNI),DT.TDS.DECT.GN.ZS,3.43009038548967,3.50659223758113
Mozambique,MOZ,"Central government debt, total (% of GDP)",GC.DOD.TOTL.GD.ZS,..,..
Mozambique,MOZ,"Central government debt, total (current LCU)",GC.DOD.TOTL.CN,..,..
Mozambique,MOZ,Total debt service (% of GNI),DT.TDS.DECT.GN.ZS,4.20107582015651,5.87651725567559
Myanmar,MMR,"Central government debt, total (% of GDP)",GC.DOD.TOTL.GD.ZS,..,..
Myanmar,MMR,"Central government debt, total (current LCU)",GC.DOD.TOTL.CN,..,..
Myanmar,MMR,Total debt service (% of GNI),DT.TDS.DECT.GN.ZS,1.1421574929881,0.971062937032006
Namibia,NAM,"Central government debt, total (% of GDP)",GC.DOD.TOTL.GD.ZS,..,..
Namibia,NAM,"Central government debt, total (current LCU)",GC.DOD.TOTL.CN,..,..
Namibia,NAM,Total debt service (% of GNI),DT.TDS.DECT.GN.ZS,..,..
Nauru,NRU,"Central government debt, total (% of GDP)",GC.DOD.TOTL.GD.ZS,..,..
Nauru,NRU,"Central government debt, total (current LCU)",GC.DOD.TOTL.CN,..,..
Nauru,NRU,Total debt service (% of GNI),DT.TDS.DECT.GN.ZS,..,..
Nepal,NPL,"Central government debt, total (% of GDP)",GC.DOD.TOTL.GD.ZS,..,..
Nepal,NPL,"Central government debt, total (current LCU)",GC.DOD.TOTL.CN,..,..
Nepal,NPL,Total debt service (% of GNI),DT.TDS.DECT.GN.ZS,0.830957642906301,0.913033423265627
Netherlands,NLD,"Central government debt, total (% of GDP)",GC.DOD.TOTL.GD.ZS,..,..
Netherlands,NLD,"Central government debt, total (current LCU)",GC.DOD.TOTL.CN,..,..
Netherlands,NLD,Total debt service (% of GNI),DT.TDS.DECT.GN.ZS,..,..
New Caledonia,NCL,"Central government debt, total (% of GDP)",GC.DOD.TOTL.GD.ZS,..,..
New Caledonia,NCL,"Central government debt, total (current LCU)",GC.DOD.TOTL.CN,..,..
New Caledonia,NCL,Total debt service (% of GNI),DT.TDS.DECT.GN.ZS,..,..
New Zealand,NZL,"Central government debt, total (% of GDP)",GC.DOD.TOTL.GD.ZS,..,..
New Zealand,NZL,"Central government debt, total (current LCU)",GC.DOD.TOTL.CN,..,..
New Zealand,NZL,Total debt service (% of GNI),DT.TDS.DECT.GN.ZS,..,..
Nicaragua,NIC,"Central government debt, total (% of GDP)",GC.DOD.TOTL.GD.ZS,..,..
Nicaragua,NIC,"Central government debt, total (current LCU)",GC.DOD.TOTL.CN,..,..
Nicaragua,NIC,Total debt service (% of GNI),DT.TDS.DECT.GN.ZS,8.63901580741383,9.59454890931624
Niger,NER,"Central government debt, total (% of GDP)",GC.DOD.TOTL.GD.ZS,..,..
Niger,NER,"Central government debt, total (current LCU)",GC.DOD.TOTL.CN,..,..
Niger,NER,Total debt service (% of GNI),DT.TDS.DECT.GN.ZS,0.927633389326046,1.15272325167308
Nigeria,NGA,"Central government debt, total (% of GDP)",GC.DOD.TOTL.GD.ZS,..,..
Nigeria,NGA,"Central government debt, total (current LCU)",GC.DOD.TOTL.CN,..,..
Nigeria,NGA,Total debt service (% of GNI),DT.TDS.DECT.GN.ZS,1.41676736176671,1.18357586966452
North Macedonia,MKD,"Central government debt, total (% of GDP)",GC.DOD.TOTL.GD.ZS,..,..
North Macedonia,MKD,"Central government debt, total (current LCU)",GC.DOD.TOTL.CN,..,..
North Macedonia,MKD,Total debt service (% of GNI),DT.TDS.DECT.GN.ZS,10.6207627536096,6.03308693726723
Northern Mariana Islands,MNP,"Central government debt, total (% of GDP)",GC.DOD.TOTL.GD.ZS,..,..
Northern Mariana Islands,MNP,"Central government debt, total (current LCU)",GC.DOD.TOTL.CN,..,..
Northern Mariana Islands,MNP,Total debt service (% of GNI),DT.TDS.DECT.GN.ZS,..,..
Norway,NOR,"Central government debt, total (% of GDP)",GC.DOD.TOTL.GD.ZS,..,..
Norway,NOR,"Central government debt, total (current LCU)",GC.DOD.TOTL.CN,..,..
Norway,NOR,Total debt service (% of GNI),DT.TDS.DECT.GN.ZS,..,..
Oman,OMN,"Central government debt, total (% of GDP)",GC.DOD.TOTL.GD.ZS,..,..
Oman,OMN,"Central government debt, total (current LCU)",GC.DOD.TOTL.CN,..,..
Oman,OMN,Total debt service (% of GNI),DT.TDS.DECT.GN.ZS,..,..
Pakistan,PAK,"Central government debt, total (% of GDP)",GC.DOD.TOTL.GD.ZS,..,..
Pakistan,PAK,"Central government debt, total (current LCU)",GC.DOD.TOTL.CN,..,..
Pakistan,PAK,Total debt service (% of GNI),DT.TDS.DECT.GN.ZS,1.94872195663111,4.03493081915446
Palau,PLW,"Central government debt, total (% of GDP)",GC.DOD.TOTL.GD.ZS,..,..
Palau,PLW,"Central government debt, total (current LCU)",GC.DOD.TOTL.CN,..,..
Palau,PLW,Total debt service (% of GNI),DT.TDS.DECT.GN.ZS,..,..
Panama,PAN,"Central government debt, total (% of GDP)",GC.DOD.TOTL.GD.ZS,..,..
Panama,PAN,"Central government debt, total (current LCU)",GC.DOD.TOTL.CN,..,..
Panama,PAN,Total debt service (% of GNI),DT.TDS.DECT.GN.ZS,..,..
Papua New Guinea,PNG,"Central government debt, total (% of GDP)",GC.DOD.TOTL.GD.ZS,..,..
Papua New Guinea,PNG,"Central government debt, total (current LCU)",GC.DOD.TOTL.CN,..,..
Papua New Guinea,PNG,Total debt service (% of GNI),DT.TDS.DECT.GN.ZS,11.8408669730379,9.94089888379428
Paraguay,PRY,"Central government debt, total (% of GDP)",GC.DOD.TOTL.GD.ZS,..,..
Paraguay,PRY,"Central government debt, total (current LCU)",GC.DOD.TOTL.CN,..,..
Paraguay,PRY,Total debt service (% of GNI),DT.TDS.DECT.GN.ZS,5.89420230717697,5.37597437092682
Peru,PER,"Central government debt, total (% of GDP)",GC.DOD.TOTL.GD.ZS,..,..
Peru,PER,"Central government debt, total (current LCU)",GC.DOD.TOTL.CN,..,..
Peru,PER,Total debt service (% of GNI),DT.TDS.DECT.GN.ZS,3.35737395260918,3.05530848710648
Philippines,PHL,"Central government debt, total (% of GDP)",GC.DOD.TOTL.GD.ZS,..,..
Philippines,PHL,"Central government debt, total (current LCU)",GC.DOD.TOTL.CN,..,..
Philippines,PHL,Total debt service (% of GNI),DT.TDS.DECT.GN.ZS,2.29260002129376,2.53062200632694
Poland,POL,"Central government debt, total (% of GDP)",GC.DOD.TOTL.GD.ZS,..,..
Poland,POL,"Central government debt, total (current LCU)",GC.DOD.TOTL.CN,..,..
Poland,POL,Total debt service (% of GNI),DT.TDS.DECT.GN.ZS,..,..
Portugal,PRT,"Central government debt, total (% of GDP)",GC.DOD.TOTL.GD.ZS,..,..
Portugal,PRT,"Central government debt, total (current LCU)",GC.DOD.TOTL.CN,..,..
Portugal,PRT,Total debt service (% of GNI),DT.TDS.DECT.GN.ZS,..,..
Puerto Rico,PRI,"Central government debt, total (% of GDP)",GC.DOD.TOTL.GD.ZS,..,..
Puerto Rico,PRI,"Central government debt, total (current LCU)",GC.DOD.TOTL.CN,..,..
Puerto Rico,PRI,Total debt service (% of GNI),DT.TDS.DECT.GN.ZS,..,..
Qatar,QAT,"Central government debt, total (% of GDP)",GC.DOD.TOTL.GD.ZS,..,..
Qatar,QAT,"Central government debt, total (current LCU)",GC.DOD.TOTL.CN,..,..
Qatar,QAT,Total debt service (% of GNI),DT.TDS.DECT.GN.ZS,..,..
Romania,ROU,"Central government debt, total (% of GDP)",GC.DOD.TOTL.GD.ZS,..,..
Romania,ROU,"Central government debt, total (current LCU)",GC.DOD.TOTL.CN,..,..
Romania,ROU,Total debt service (% of GNI),DT.TDS.DECT.GN.ZS,..,..
Russian Federation,RUS,"Central government debt, total (% of GDP)",GC.DOD.TOTL.GD.ZS,..,..
Russian Federation,RUS,"Central government debt, total (current LCU)",GC.DOD.TOTL.CN,..,..
Russian Federation,RUS,Total debt service (% of GNI),DT.TDS.DECT.GN.ZS,6.75086291316245,5.73012109560031
Rwanda,RWA,"Central government debt, total (% of GDP)",GC.DOD.TOTL.GD.ZS,..,..
Rwanda,RWA,"Central government debt, total (current LCU)",GC.DOD.TOTL.CN,..,..
Rwanda,RWA,Total debt service (% of GNI),DT.TDS.DECT.GN.ZS,2.78656372692332,1.69287685700579
Samoa,WSM,"Central government debt, total (% of GDP)",GC.DOD.TOTL.GD.ZS,..,..
Samoa,WSM,"Central government debt, total (current LCU)",GC.DOD.TOTL.CN,..,..
Samoa,WSM,Total debt service (% of GNI),DT.TDS.DECT.GN.ZS,3.84530296079603,3.72098733566861
San Marino,SMR,"Central government debt, total (% of GDP)",GC.DOD.TOTL.GD.ZS,..,..
San Marino,SMR,"Central government debt, total (current LCU)",GC.DOD.TOTL.CN,..,..
San Marino,SMR,Total debt service (% of GNI),DT.TDS.DECT.GN.ZS,..,..
Sao Tome and Principe,STP,"Central government debt, total (% of GDP)",GC.DOD.TOTL.GD.ZS,..,..
Sao Tome and Principe,STP,"Central government debt, total (current LCU)",GC.DOD.TOTL.CN,..,..
Sao Tome and Principe,STP,Total debt service (% of GNI),DT.TDS.DECT.GN.ZS,1.12655533235463,2.12836776598032
Saudi Arabia,SAU,"Central government debt, total (% of GDP)",GC.DOD.TOTL.GD.ZS,..,..
Saudi Arabia,SAU,"Central government debt, total (current LCU)",GC.DOD.TOTL.CN,..,..
Saudi Arabia,SAU,Total debt service (% of GNI),DT.TDS.DECT.GN.ZS,..,..
Senegal,SEN,"Central government debt, total (% of GDP)",GC.DOD.TOTL.GD.ZS,..,..
Senegal,SEN,"Central government debt, total (current LCU)",GC.DOD.TOTL.CN,..,..
Senegal,SEN,Total debt service (% of GNI),DT.TDS.DECT.GN.ZS,3.62777798848431,4.09765058775441
Serbia,SRB,"Central government debt, total (% of GDP)",GC.DOD.TOTL.GD.ZS,..,..
Serbia,SRB,"Central government debt, total (current LCU)",GC.DOD.TOTL.CN,..,..
Serbia,SRB,Total debt service (% of GNI),DT.TDS.DECT.GN.ZS,11.9049727891262,15.000918323089
Seychelles,SYC,"Central government debt, total (% of GDP)",GC.DOD.TOTL.GD.ZS,..,..
Seychelles,SYC,"Central government debt, total (current LCU)",GC.DOD.TOTL.CN,..,..
Seychelles,SYC,Total debt service (% of GNI),DT.TDS.DECT.GN.ZS,..,..
Sierra Leone,SLE,"Central government debt, total (% of GDP)",GC.DOD.TOTL.GD.ZS,..,..
Sierra Leone,SLE,"Central government debt, total (current LCU)",GC.DOD.TOTL.CN,..,..
Sierra Leone,SLE,Total debt service (% of GNI),DT.TDS.DECT.GN.ZS,1.54826754986621,1.58838916999139
Singapore,SGP,"Central government debt, total (% of GDP)",GC.DOD.TOTL.GD.ZS,..,..
Singapore,SGP,"Central government debt, total (current LCU)",GC.DOD.TOTL.CN,..,..
Singapore,SGP,Total debt service (% of GNI),DT.TDS.DECT.GN.ZS,..,..
Sint Maarten (Dutch part),SXM,"Central government debt, total (% of GDP)",GC.DOD.TOTL.GD.ZS,..,..
Sint Maarten (Dutch part),SXM,"Central government debt, total (current LCU)",GC.DOD.TOTL.CN,..,..
Sint Maarten (Dutch part),SXM,Total debt service (% of GNI),DT.TDS.DECT.GN.ZS,..,..
Slovak Republic,SVK,"Central government debt, total (% of GDP)",GC.DOD.TOTL.GD.ZS,..,..
Slovak Republic,SVK,"Central government debt, total (current LCU)",GC.DOD.TOTL.CN,..,..
Slovak Republic,SVK,Total debt service (% of GNI),DT.TDS.DECT.GN.ZS,..,..
Slovenia,SVN,"Central government debt, total (% of GDP)",GC.DOD.TOTL.GD.ZS,..,..
Slovenia,SVN,"Central government debt, total (current LCU)",GC.DOD.TOTL.CN,..,..
Slovenia,SVN,Total debt service (% of GNI),DT.TDS.DECT.GN.ZS,..,..
Solomon Islands,SLB,"Central government debt, total (% of GDP)",GC.DOD.TOTL.GD.ZS,..,..
Solomon Islands,SLB,"Central government debt, total (current LCU)",GC.DOD.TOTL.CN,..,..
Solomon Islands,SLB,Total debt service (% of GNI),DT.TDS.DECT.GN.ZS,2.57334932367758,1.04069896954805
Somalia,SOM,"Central government debt, total (% of GDP)",GC.DOD.TOTL.GD.ZS,..,..
Somalia,SOM,"Central government debt, total (current LCU)",GC.DOD.TOTL.CN,..,..
Somalia,SOM,Total debt service (% of GNI),DT.TDS.DECT.GN.ZS,..,..
South Africa,ZAF,"Central government debt, total (% of GDP)",GC.DOD.TOTL.GD.ZS,..,..
South Africa,ZAF,"Central government debt, total (current LCU)",GC.DOD.TOTL.CN,..,..
South Africa,ZAF,Total debt service (% of GNI),DT.TDS.DECT.GN.ZS,8.1465394312807,5.15693322238493
South Sudan,SSD,"Central government debt, total (% of GDP)",GC.DOD.TOTL.GD.ZS,..,..
South Sudan,SSD,"Central government debt, total (current LCU)",GC.DOD.TOTL.CN,..,..
South Sudan,SSD,Total debt service (% of GNI),DT.TDS.DECT.GN.ZS,..,..
Spain,ESP,"Central government debt, total (% of GDP)",GC.DOD.TOTL.GD.ZS,..,..
Spain,ESP,"Central government debt, total (current LCU)",GC.DOD.TOTL.CN,..,..
Spain,ESP,Total debt service (% of GNI),DT.TDS.DECT.GN.ZS,..,..
Sri Lanka,LKA,"Central government debt, total (% of GDP)",GC.DOD.TOTL.GD.ZS,..,..
Sri Lanka,LKA,"Central government debt, total (current LCU)",GC.DOD.TOTL.CN,..,..
Sri Lanka,LKA,Total debt service (% of GNI),DT.TDS.DECT.GN.ZS,8.59663763483024,7.64804484383435
St. Kitts and Nevis,KNA,"Central government debt, total (% of GDP)",GC.DOD.TOTL.GD.ZS,..,..
St. Kitts and Nevis,KNA,"Central government debt, total (current LCU)",GC.DOD.TOTL.CN,..,..
St. Kitts and Nevis,KNA,Total debt service (% of GNI),DT.TDS.DECT.GN.ZS,..,..
St. Lucia,LCA,"Central government debt, total (% of GDP)",GC.DOD.TOTL.GD.ZS,..,..
St. Lucia,LCA,"Central government debt, total (current LCU)",GC.DOD.TOTL.CN,..,..
St. Lucia,LCA,Total debt service (% of GNI),DT.TDS.DECT.GN.ZS,2.51580322063133,2.52094162426515
St. Martin (French part),MAF,"Central government debt, total (% of GDP)",GC.DOD.TOTL.GD.ZS,..,..
St. Martin (French part),MAF,"Central government debt, total (current LCU)",GC.DOD.TOTL.CN,..,..
St. Martin (French part),MAF,Total debt service (% of GNI),DT.TDS.DECT.GN.ZS,..,..
St. Vincent and the Grenadines,VCT,"Central government debt, total (% of GDP)",GC.DOD.TOTL.GD.ZS,..,..
St. Vincent and the Grenadines,VCT,"Central government debt, total (current LCU)",GC.DOD.TOTL.CN,..,..
St. Vincent and the Grenadines,VCT,Total debt service (% of GNI),DT.TDS.DECT.GN.ZS,4.93113016126233,4.49468521947908
Sudan,SDN,"Central government debt, total (% of GDP)",GC.DOD.TOTL.GD.ZS,..,..
Sudan,SDN,"Central government debt, total (current LCU)",GC.DOD.TOTL.CN,..,..
Sudan,SDN,Total debt service (% of GNI),DT.TDS.DECT.GN.ZS,0.663363406925694,0.676897624967579
Suriname,SUR,"Central government debt, total (% of GDP)",GC.DOD.TOTL.GD.ZS,..,..
Suriname,SUR,"Central government debt, total (current LCU)",GC.DOD.TOTL.CN,..,..
Suriname,SUR,Total debt service (% of GNI),DT.TDS.DECT.GN.ZS,..,..
Sweden,SWE,"Central government debt, total (% of GDP)",GC.DOD.TOTL.GD.ZS,..,..
Sweden,SWE,"Central government debt, total (current LCU)",GC.DOD.TOTL.CN,..,..
Sweden,SWE,Total debt service (% of GNI),DT.TDS.DECT.GN.ZS,..,..
Switzerland,CHE,"Central government debt, total (% of GDP)",GC.DOD.TOTL.GD.ZS,..,..
Switzerland,CHE,"Central government debt, total (current LCU)",GC.DOD.TOTL.CN,..,..
Switzerland,CHE,Total debt service (% of GNI),DT.TDS.DECT.GN.ZS,..,..
Syrian Arab Republic,SYR,"Central government debt, total (% of GDP)",GC.DOD.TOTL.GD.ZS,..,..
Syrian Arab Republic,SYR,"Central government debt, total (current LCU)",GC.DOD.TOTL.CN,..,..
Syrian Arab Republic,SYR,Total debt service (% of GNI),DT.TDS.DECT.GN.ZS,..,..
Tajikistan,TJK,"Central government debt, total (% of GDP)",GC.DOD.TOTL.GD.ZS,..,..
Tajikistan,TJK,"Central government debt, total (current LCU)",GC.DOD.TOTL.CN,..,..
Tajikistan,TJK,Total debt service (% of GNI),DT.TDS.DECT.GN.ZS,6.68659659423683,5.89306667510063
Tanzania,TZA,"Central government debt, total (% of GDP)",GC.DOD.TOTL.GD.ZS,..,..
Tanzania,TZA,"Central government debt, total (current LCU)",GC.DOD.TOTL.CN,..,..
Tanzania,TZA,Total debt service (% of GNI),DT.TDS.DECT.GN.ZS,1.92449297060334,2.35844549492347
Thailand,THA,"Central government debt, total (% of GDP)",GC.DOD.TOTL.GD.ZS,..,..
Thailand,THA,"Central government debt, total (current LCU)",GC.DOD.TOTL.CN,..,..
Thailand,THA,Total debt service (% of GNI),DT.TDS.DECT.GN.ZS,3.86516294004649,5.12558008316174
Timor-Leste,TLS,"Central government debt, total (% of GDP)",GC.DOD.TOTL.GD.ZS,..,..
Timor-Leste,TLS,"Central government debt, total (current LCU)",GC.DOD.TOTL.CN,..,..
Timor-Leste,TLS,Total debt service (% of GNI),DT.TDS.DECT.GN.ZS,0.142695355352897,0.265882817089803
Togo,TGO,"Central government debt, total (% of GDP)",GC.DOD.TOTL.GD.ZS,..,..
Togo,TGO,"Central government debt, total (current LCU)",GC.DOD.TOTL.CN,..,..
Togo,TGO,Total debt service (% of GNI),DT.TDS.DECT.GN.ZS,2.33319331254057,2.14979237520723
Tonga,TON,"Central government debt, total (% of GDP)",GC.DOD.TOTL.GD.ZS,..,..
Tonga,TON,"Central government debt, total (current LCU)",GC.DOD.TOTL.CN,..,..
Tonga,TON,Total debt service (% of GNI),DT.TDS.DECT.GN.ZS,1.97396983308645,1.03370088171313
Trinidad and Tobago,TTO,"Central government debt, total (% of GDP)",GC.DOD.TOTL.GD.ZS,..,..
Trinidad and Tobago,TTO,"Central government debt, total (current LCU)",GC.DOD.TOTL.CN,..,..
Trinidad and Tobago,TTO,Total debt service (% of GNI),DT.TDS.DECT.GN.ZS,..,..
Tunisia,TUN,"Central government debt, total (% of GDP)",GC.DOD.TOTL.GD.ZS,..,..
Tunisia,TUN,"Central government debt, total (current LCU)",GC.DOD.TOTL.CN,..,..
Tunisia,TUN,Total debt service (% of GNI),DT.TDS.DECT.GN.ZS,7.29061222149982,8.28316690386443
Turkey,TUR,"Central government debt, total (% of GDP)",GC.DOD.TOTL.GD.ZS,..,..
Turkey,TUR,"Central government debt, total (current LCU)",GC.DOD.TOTL.CN,..,..
Turkey,TUR,Total debt service (% of GNI),DT.TDS.DECT.GN.ZS,10.9993900035507,11.6040420804496
Turkmenistan,TKM,"Central government debt, total (% of GDP)",GC.DOD.TOTL.GD.ZS,..,..
Turkmenistan,TKM,"Central government debt, total (current LCU)",GC.DOD.TOTL.CN,..,..
Turkmenistan,TKM,Total debt service (% of GNI),DT.TDS.DECT.GN.ZS,0.138832876196528,..
Turks and Caicos Islands,TCA,"Central government debt, total (% of GDP)",GC.DOD.TOTL.GD.ZS,..,..
Turks and Caicos Islands,TCA,"Central government debt, total (current LCU)",GC.DOD.TOTL.CN,..,..
Turks and Caicos Islands,TCA,Total debt service (% of GNI),DT.TDS.DECT.GN.ZS,..,..
Tuvalu,TUV,"Central government debt, total (% of GDP)",GC.DOD.TOTL.GD.ZS,..,..
Tuvalu,TUV,"Central government debt, total (current LCU)",GC.DOD.TOTL.CN,..,..
Tuvalu,TUV,Total debt service (% of GNI),DT.TDS.DECT.GN.ZS,..,..
Uganda,UGA,"Central government debt, total (% of GDP)",GC.DOD.TOTL.GD.ZS,..,..
Uganda,UGA,"Central government debt, total (current LCU)",GC.DOD.TOTL.CN,..,..
Uganda,UGA,Total debt service (% of GNI),DT.TDS.DECT.GN.ZS,1.65377932063308,0.876112806166404
Ukraine,UKR,"Central government debt, total (% of GDP)",GC.DOD.TOTL.GD.ZS,..,..
Ukraine,UKR,"Central government debt, total (current LCU)",GC.DOD.TOTL.CN,..,..
Ukraine,UKR,Total debt service (% of GNI),DT.TDS.DECT.GN.ZS,10.9312349329881,8.74003181595157
United Arab Emirates,ARE,"Central government debt, total (% of GDP)",GC.DOD.TOTL.GD.ZS,..,..
United Arab Emirates,ARE,"Central government debt, total (current LCU)",GC.DOD.TOTL.CN,..,..
United Arab Emirates,ARE,Total debt service (% of GNI),DT.TDS.DECT.GN.ZS,..,..
United Kingdom,GBR,"Central government debt, total (% of GDP)",GC.DOD.TOTL.GD.ZS,..,..
United Kingdom,GBR,"Central government debt, total (current LCU)",GC.DOD.TOTL.CN,..,..
United Kingdom,GBR,Total debt service (% of GNI),DT.TDS.DECT.GN.ZS,..,..
United States,USA,"Central government debt, total (% of GDP)",GC.DOD.TOTL.GD.ZS,..,..
United States,USA,"Central government debt, total (current LCU)",GC.DOD.TOTL.CN,..,..
United States,USA,Total debt service (% of GNI),DT.TDS.DECT.GN.ZS,..,..
Uruguay,URY,"Central government debt, total (% of GDP)",GC.DOD.TOTL.GD.ZS,..,..
Uruguay,URY,"Central government debt, total (current LCU)",GC.DOD.TOTL.CN,..,..
Uruguay,URY,Total debt service (% of GNI),DT.TDS.DECT.GN.ZS,..,..
Uzbekistan,UZB,"Central government debt, total (% of GDP)",GC.DOD.TOTL.GD.ZS,..,..
Uzbekistan,UZB,"Central government debt, total (current LCU)",GC.DOD.TOTL.CN,..,..
Uzbekistan,UZB,Total debt service (% of GNI),DT.TDS.DECT.GN.ZS,1.93399059857623,4.47624641147541
Vanuatu,VUT,"Central government debt, total (% of GDP)",GC.DOD.TOTL.GD.ZS,..,..
Vanuatu,VUT,"Central government debt, total (current LCU)",GC.DOD.TOTL.CN,..,..
Vanuatu,VUT,Total debt service (% of GNI),DT.TDS.DECT.GN.ZS,2.18597438632658,2.48058988084155
"Venezuela, RB",VEN,"Central government debt, total (% of GDP)",GC.DOD.TOTL.GD.ZS,..,..
"Venezuela, RB",VEN,"Central government debt, total (current LCU)",GC.DOD.TOTL.CN,..,..
"Venezuela, RB",VEN,Total debt service (% of GNI),DT.TDS.DECT.GN.ZS,..,..
Vietnam,VNM,"Central government debt, total (% of GDP)",GC.DOD.TOTL.GD.ZS,..,..
Vietnam,VNM,"Central government debt, total (current LCU)",GC.DOD.TOTL.CN,..,..
Vietnam,VNM,Total debt service (% of GNI),DT.TDS.DECT.GN.ZS,7.90934995647067,6.65871327921743
Virgin Islands (U.S.),VIR,"Central government debt, total (% of GDP)",GC.DOD.TOTL.GD.ZS,..,..
Virgin Islands (U.S.),VIR,"Central government debt, total (current LCU)",GC.DOD.TOTL.CN,..,..
Virgin Islands (U.S.),VIR,Total debt service (% of GNI),DT.TDS.DECT.GN.ZS,..,..
West Bank and Gaza,PSE,"Central government debt, total (% of GDP)",GC.DOD.TOTL.GD.ZS,..,..
West Bank and Gaza,PSE,"Central government debt, total (current LCU)",GC.DOD.TOTL.CN,..,..
West Bank and Gaza,PSE,Total debt service (% of GNI),DT.TDS.DECT.GN.ZS,..,..
"Yemen, Rep.",YEM,"Central government debt, total (% of GDP)",GC.DOD.TOTL.GD.ZS,..,..
"Yemen, Rep.",YEM,"Central government debt, total (current LCU)",GC.DOD.TOTL.CN,..,..
"Yemen, Rep.",YEM,Total debt service (% of GNI),DT.TDS.DECT.GN.ZS,0.474141159088217,0.50897433267223
Zambia,ZMB,"Central government debt, total (% of GDP)",GC.DOD.TOTL.GD.ZS,..,..
Zambia,ZMB,"Central government debt, total (current LCU)",GC.DOD.TOTL.CN,..,..
Zambia,ZMB,Total debt service (% of GNI),DT.TDS.DECT.GN.ZS,5.59188983776177,11.3053325441423
Zimbabwe,ZWE,"Central government debt, total (% of GDP)",GC.DOD.TOTL.GD.ZS,..,..
Zimbabwe,ZWE,"Central government debt, total (current LCU)",GC.DOD.TOTL.CN,..,..
Zimbabwe,ZWE,Total debt service (% of GNI),DT.TDS.DECT.GN.ZS,2.6692240207498,8.00311020302002
Arab World,ARB,"Central government debt, total (% of GDP)",GC.DOD.TOTL.GD.ZS,..,..
Arab World,ARB,"Central government debt, total (current LCU)",GC.DOD.TOTL.CN,..,..
Arab World,ARB,Total debt service (% of GNI),DT.TDS.DECT.GN.ZS,..,..
Caribbean small states,CSS,"Central government debt, total (% of GDP)",GC.DOD.TOTL.GD.ZS,..,..
Caribbean small states,CSS,"Central government debt, total (current LCU)",GC.DOD.TOTL.CN,..,..
Caribbean small states,CSS,Total debt service (% of GNI),DT.TDS.DECT.GN.ZS,..,..
Central Europe and the Baltics,CEB,"Central government debt, total (% of GDP)",GC.DOD.TOTL.GD.ZS,..,..
Central Europe and the Baltics,CEB,"Central government debt, total (current LCU)",GC.DOD.TOTL.CN,..,..
Central Europe and the Baltics,CEB,Total debt service (% of GNI),DT.TDS.DECT.GN.ZS,..,..
Early-demographic dividend,EAR,"Central government debt, total (% of GDP)",GC.DOD.TOTL.GD.ZS,..,..
Early-demographic dividend,EAR,"Central government debt, total (current LCU)",GC.DOD.TOTL.CN,..,..
Early-demographic dividend,EAR,Total debt service (% of GNI),DT.TDS.DECT.GN.ZS,4.19928229296646,4.6310030169239
East Asia & Pacific,EAS,"Central government debt, total (% of GDP)",GC.DOD.TOTL.GD.ZS,..,..
East Asia & Pacific,EAS,"Central government debt, total (current LCU)",GC.DOD.TOTL.CN,..,..
East Asia & Pacific,EAS,Total debt service (% of GNI),DT.TDS.DECT.GN.ZS,..,..
East Asia & Pacific (excluding high income),EAP,"Central government debt, total (% of GDP)",GC.DOD.TOTL.GD.ZS,..,..
East Asia & Pacific (excluding high income),EAP,"Central government debt, total (current LCU)",GC.DOD.TOTL.CN,..,..
East Asia & Pacific (excluding high income),EAP,Total debt service (% of GNI),DT.TDS.DECT.GN.ZS,2.21118122803253,2.55856312827642
East Asia & Pacific (IDA & IBRD countries),TEA,"Central government debt, total (% of GDP)",GC.DOD.TOTL.GD.ZS,..,..
East Asia & Pacific (IDA & IBRD countries),TEA,"Central government debt, total (current LCU)",GC.DOD.TOTL.CN,..,..
East Asia & Pacific (IDA & IBRD countries),TEA,Total debt service (% of GNI),DT.TDS.DECT.GN.ZS,2.21118122803253,2.55856312827642
Euro area,EMU,"Central government debt, total (% of GDP)",GC.DOD.TOTL.GD.ZS,..,..
Euro area,EMU,"Central government debt, total (current LCU)",GC.DOD.TOTL.CN,..,..
Euro area,EMU,Total debt service (% of GNI),DT.TDS.DECT.GN.ZS,..,..
Europe & Central Asia,ECS,"Central government debt, total (% of GDP)",GC.DOD.TOTL.GD.ZS,..,..
Europe & Central Asia,ECS,"Central government debt, total (current LCU)",GC.DOD.TOTL.CN,..,..
Europe & Central Asia,ECS,Total debt service (% of GNI),DT.TDS.DECT.GN.ZS,..,..
Europe & Central Asia (excluding high income),ECA,"Central government debt, total (% of GDP)",GC.DOD.TOTL.GD.ZS,..,..
Europe & Central Asia (excluding high income),ECA,"Central government debt, total (current LCU)",GC.DOD.TOTL.CN,..,..
Europe & Central Asia (excluding high income),ECA,Total debt service (% of GNI),DT.TDS.DECT.GN.ZS,8.86314552011948,8.35832636379727
Europe & Central Asia (IDA & IBRD countries),TEC,"Central government debt, total (% of GDP)",GC.DOD.TOTL.GD.ZS,..,..
Europe & Central Asia (IDA & IBRD countries),TEC,"Central government debt, total (current LCU)",GC.DOD.TOTL.CN,..,..
Europe & Central Asia (IDA & IBRD countries),TEC,Total debt service (% of GNI),DT.TDS.DECT.GN.ZS,8.86314552011947,8.35832636379726
European Union,EUU,"Central government debt, total (% of GDP)",GC.DOD.TOTL.GD.ZS,..,..
European Union,EUU,"Central government debt, total (current LCU)",GC.DOD.TOTL.CN,..,..
European Union,EUU,Total debt service (% of GNI),DT.TDS.DECT.GN.ZS,..,..
Fragile and conflict affected situations,FCS,"Central government debt, total (% of GDP)",GC.DOD.TOTL.GD.ZS,..,..
Fragile and conflict affected situations,FCS,"Central government debt, total (current LCU)",GC.DOD.TOTL.CN,..,..
Fragile and conflict affected situations,FCS,Total debt service (% of GNI),DT.TDS.DECT.GN.ZS,3.61093224529485,3.79174266366843
Heavily indebted poor countries (HIPC),HPC,"Central government debt, total (% of GDP)",GC.DOD.TOTL.GD.ZS,..,..
Heavily indebted poor countries (HIPC),HPC,"Central government debt, total (current LCU)",GC.DOD.TOTL.CN,..,..
Heavily indebted poor countries (HIPC),HPC,Total debt service (% of GNI),DT.TDS.DECT.GN.ZS,2.43356292143152,2.9072397407899
High income,HIC,"Central government debt, total (% of GDP)",GC.DOD.TOTL.GD.ZS,..,..
High income,HIC,"Central government debt, total (current LCU)",GC.DOD.TOTL.CN,..,..
High income,HIC,Total debt service (% of GNI),DT.TDS.DECT.GN.ZS,..,..
IBRD only,IBD,"Central government debt, total (% of GDP)",GC.DOD.TOTL.GD.ZS,..,..
IBRD only,IBD,"Central government debt, total (current LCU)",GC.DOD.TOTL.CN,..,..
IBRD only,IBD,Total debt service (% of GNI),DT.TDS.DECT.GN.ZS,3.64367737198792,3.96755370765361
IDA & IBRD total,IBT,"Central government debt, total (% of GDP)",GC.DOD.TOTL.GD.ZS,..,..
IDA & IBRD total,IBT,"Central government debt, total (current LCU)",GC.DOD.TOTL.CN,..,..
IDA & IBRD total,IBT,Total debt service (% of GNI),DT.TDS.DECT.GN.ZS,3.5393557545339,3.8807162894657
IDA blend,IDB,"Central government debt, total (% of GDP)",GC.DOD.TOTL.GD.ZS,..,..
IDA blend,IDB,"Central government debt, total (current LCU)",GC.DOD.TOTL.CN,..,..
IDA blend,IDB,Total debt service (% of GNI),DT.TDS.DECT.GN.ZS,2.16886571094007,3.0366242451941
IDA only,IDX,"Central government debt, total (% of GDP)",GC.DOD.TOTL.GD.ZS,..,..
IDA only,IDX,"Central government debt, total (current LCU)",GC.DOD.TOTL.CN,..,..
IDA only,IDX,Total debt service (% of GNI),DT.TDS.DECT.GN.ZS,2.12359895046099,2.52921247153743
IDA total,IDA,"Central government debt, total (% of GDP)",GC.DOD.TOTL.GD.ZS,..,..
IDA total,IDA,"Central government debt, total (current LCU)",GC.DOD.TOTL.CN,..,..
IDA total,IDA,Total debt service (% of GNI),DT.TDS.DECT.GN.ZS,2.14394221301368,2.75465679962869
Late-demographic dividend,LTE,"Central government debt, total (% of GDP)",GC.DOD.TOTL.GD.ZS,..,..
Late-demographic dividend,LTE,"Central government debt, total (current LCU)",GC.DOD.TOTL.CN,..,..
Late-demographic dividend,LTE,Total debt service (% of GNI),DT.TDS.DECT.GN.ZS,3.16355160215906,3.50189789147174
Latin America & Caribbean,LCN,"Central government debt, total (% of GDP)",GC.DOD.TOTL.GD.ZS,..,..
Latin America & Caribbean,LCN,"Central government debt, total (current LCU)",GC.DOD.TOTL.CN,..,..
Latin America & Caribbean,LCN,Total debt service (% of GNI),DT.TDS.DECT.GN.ZS,5.49639641806274,7.02694659021922
Latin America & Caribbean (excluding high income),LAC,"Central government debt, total (% of GDP)",GC.DOD.TOTL.GD.ZS,..,..
Latin America & Caribbean (excluding high income),LAC,"Central government debt, total (current LCU)",GC.DOD.TOTL.CN,..,..
Latin America & Caribbean (excluding high income),LAC,Total debt service (% of GNI),DT.TDS.DECT.GN.ZS,5.49639641806274,7.02694659021923
Latin America & the Caribbean (IDA & IBRD countries),TLA,"Central government debt, total (% of GDP)",GC.DOD.TOTL.GD.ZS,..,..
Latin America & the Caribbean (IDA & IBRD countries),TLA,"Central government debt, total (current LCU)",GC.DOD.TOTL.CN,..,..
Latin America & the Caribbean (IDA & IBRD countries),TLA,Total debt service (% of GNI),DT.TDS.DECT.GN.ZS,5.49639641806274,7.02694659021923
Least developed countries: UN classification,LDC,"Central government debt, total (% of GDP)",GC.DOD.TOTL.GD.ZS,..,..
Least developed countries: UN classification,LDC,"Central government debt, total (current LCU)",GC.DOD.TOTL.CN,..,..
Least developed countries: UN classification,LDC,Total debt service (% of GNI),DT.TDS.DECT.GN.ZS,2.35229590365956,2.86589528554358
Low & middle income,LMY,"Central government debt, total (% of GDP)",GC.DOD.TOTL.GD.ZS,..,..
Low & middle income,LMY,"Central government debt, total (current LCU)",GC.DOD.TOTL.CN,..,..
Low & middle income,LMY,Total debt service (% of GNI),DT.TDS.DECT.GN.ZS,3.53935575453389,3.8807162894657
Low income,LIC,"Central government debt, total (% of GDP)",GC.DOD.TOTL.GD.ZS,..,..
Low income,LIC,"Central government debt, total (current LCU)",GC.DOD.TOTL.CN,..,..
Low income,LIC,Total debt service (% of GNI),DT.TDS.DECT.GN.ZS,1.44269180798903,1.73019054289677
Lower middle income,LMC,"Central government debt, total (% of GDP)",GC.DOD.TOTL.GD.ZS,..,..
Lower middle income,LMC,"Central government debt, total (current LCU)",GC.DOD.TOTL.CN,..,..
Lower middle income,LMC,Total debt service (% of GNI),DT.TDS.DECT.GN.ZS,3.15764642514842,3.11647087570964
Middle East & North Africa,MEA,"Central government debt, total (% of GDP)",GC.DOD.TOTL.GD.ZS,..,..
Middle East & North Africa,MEA,"Central government debt, total (current LCU)",GC.DOD.TOTL.CN,..,..
Middle East & North Africa,MEA,Total debt service (% of GNI),DT.TDS.DECT.GN.ZS,..,..
Middle East & North Africa (excluding high income),MNA,"Central government debt, total (% of GDP)",GC.DOD.TOTL.GD.ZS,..,..
Middle East & North Africa (excluding high income),MNA,"Central government debt, total (current LCU)",GC.DOD.TOTL.CN,..,..
Middle East & North Africa (excluding high income),MNA,Total debt service (% of GNI),DT.TDS.DECT.GN.ZS,2.99189512740941,5.20981001621327
Middle East & North Africa (IDA & IBRD countries),TMN,"Central government debt, total (% of GDP)",GC.DOD.TOTL.GD.ZS,..,..
Middle East & North Africa (IDA & IBRD countries),TMN,"Central government debt, total (current LCU)",GC.DOD.TOTL.CN,..,..
Middle East & North Africa (IDA & IBRD countries),TMN,Total debt service (% of GNI),DT.TDS.DECT.GN.ZS,2.99189512740941,5.20981001621327
Middle income,MIC,"Central government debt, total (% of GDP)",GC.DOD.TOTL.GD.ZS,..,..
Middle income,MIC,"Central government debt, total (current LCU)",GC.DOD.TOTL.CN,..,..
Middle income,MIC,Total debt service (% of GNI),DT.TDS.DECT.GN.ZS,3.56754221166889,3.91051834572599
North America,NAC,"Central government debt, total (% of GDP)",GC.DOD.TOTL.GD.ZS,..,..
North America,NAC,"Central government debt, total (current LCU)",GC.DOD.TOTL.CN,..,..
North America,NAC,Total debt service (% of GNI),DT.TDS.DECT.GN.ZS,..,..
Not classified,INX,"Central government debt, total (% of GDP)",GC.DOD.TOTL.GD.ZS,..,..
Not classified,INX,"Central government debt, total (current LCU)",GC.DOD.TOTL.CN,..,..
Not classified,INX,Total debt service (% of GNI),DT.TDS.DECT.GN.ZS,..,..
OECD members,OED,"Central government debt, total (% of GDP)",GC.DOD.TOTL.GD.ZS,..,..
OECD members,OED,"Central government debt, total (current LCU)",GC.DOD.TOTL.CN,..,..
OECD members,OED,Total debt service (% of GNI),DT.TDS.DECT.GN.ZS,..,..
Other small states,OSS,"Central government debt, total (% of GDP)",GC.DOD.TOTL.GD.ZS,..,..
Other small states,OSS,"Central government debt, total (current LCU)",GC.DOD.TOTL.CN,..,..
Other small states,OSS,Total debt service (% of GNI),DT.TDS.DECT.GN.ZS,..,..
Pacific island small states,PSS,"Central government debt, total (% of GDP)",GC.DOD.TOTL.GD.ZS,..,..
Pacific island small states,PSS,"Central government debt, total (current LCU)",GC.DOD.TOTL.CN,..,..
Pacific island small states,PSS,Total debt service (% of GNI),DT.TDS.DECT.GN.ZS,1.78500072527813,2.89311836821425
Post-demographic dividend,PST,"Central government debt, total (% of GDP)",GC.DOD.TOTL.GD.ZS,..,..
Post-demographic dividend,PST,"Central government debt, total (current LCU)",GC.DOD.TOTL.CN,..,..
Post-demographic dividend,PST,Total debt service (% of GNI),DT.TDS.DECT.GN.ZS,..,..
Pre-demographic dividend,PRE,"Central government debt, total (% of GDP)",GC.DOD.TOTL.GD.ZS,..,..
Pre-demographic dividend,PRE,"Central government debt, total (current LCU)",GC.DOD.TOTL.CN,..,..
Pre-demographic dividend,PRE,Total debt service (% of GNI),DT.TDS.DECT.GN.ZS,2.58976679374582,3.0727101824515
Small states,SST,"Central government debt, total (% of GDP)",GC.DOD.TOTL.GD.ZS,..,..
Small states,SST,"Central government debt, total (current LCU)",GC.DOD.TOTL.CN,..,..
Small states,SST,Total debt service (% of GNI),DT.TDS.DECT.GN.ZS,..,..
South Asia,SAS,"Central government debt, total (% of GDP)",GC.DOD.TOTL.GD.ZS,..,..
South Asia,SAS,"Central government debt, total (current LCU)",GC.DOD.TOTL.CN,..,..
South Asia,SAS,Total debt service (% of GNI),DT.TDS.DECT.GN.ZS,2.36112525800056,2.11152875186452
South Asia (IDA & IBRD),TSA,"Central government debt, total (% of GDP)",GC.DOD.TOTL.GD.ZS,..,..
South Asia (IDA & IBRD),TSA,"Central government debt, total (current LCU)",GC.DOD.TOTL.CN,..,..
South Asia (IDA & IBRD),TSA,Total debt service (% of GNI),DT.TDS.DECT.GN.ZS,2.36112525800056,2.11152875186452
Sub-Saharan Africa,SSF,"Central government debt, total (% of GDP)",GC.DOD.TOTL.GD.ZS,..,..
Sub-Saharan Africa,SSF,"Central government debt, total (current LCU)",GC.DOD.TOTL.CN,..,..
Sub-Saharan Africa,SSF,Total debt service (% of GNI),DT.TDS.DECT.GN.ZS,3.88191246598912,3.52712410295048
Sub-Saharan Africa (excluding high income),SSA,"Central government debt, total (% of GDP)",GC.DOD.TOTL.GD.ZS,..,..
Sub-Saharan Africa (excluding high income),SSA,"Central government debt, total (current LCU)",GC.DOD.TOTL.CN,..,..
Sub-Saharan Africa (excluding high income),SSA,Total debt service (% of GNI),DT.TDS.DECT.GN.ZS,3.88191246598912,3.52712410295048
Sub-Saharan Africa (IDA & IBRD countries),TSS,"Central government debt, total (% of GDP)",GC.DOD.TOTL.GD.ZS,..,..
Sub-Saharan Africa (IDA & IBRD countries),TSS,"Central government debt, total (current LCU)",GC.DOD.TOTL.CN,..,..
Sub-Saharan Africa (IDA & IBRD countries),TSS,Total debt service (% of GNI),DT.TDS.DECT.GN.ZS,3.88191246598912,3.52712410295048
Upper middle income,UMC,"Central government debt, total (% of GDP)",GC.DOD.TOTL.GD.ZS,..,..
Upper middle income,UMC,"Central government debt, total (current LCU)",GC.DOD.TOTL.CN,..,..
Upper middle income,UMC,Total debt service (% of GNI),DT.TDS.DECT.GN.ZS,3.6705031381756,4.12065359814616
World,WLD,"Central government debt, total (% of GDP)",GC.DOD.TOTL.GD.ZS,..,..
World,WLD,"Central government debt, total (current LCU)",GC.DOD.TOTL.CN,..,..
World,WLD,Total debt service (% of GNI),DT.TDS.DECT.GN.ZS,..,..
,,,,,
,,,,,
,,,,,
Data from database: World Development Indicators,,,,,
Last Updated: 02/17/2021,,,,,
